Descriptions,Entity
active ,Personality
adventurous,Personality
affectionate,Personality
altruistic,Personality
ambitious,Personality
angry,Personality
anxious,Personality
appreciative,Personality
articulate ,Personality
attentive,Personality
bad tempered,Personality
bitter,Personality
boring,Personality
bossy,Personality
brave,Personality
broad minded ,Personality
bubbly,Personality
calm,Personality
careful,Personality
careless,Personality
caring ,Personality
cheeky,Personality
cheerful,Personality
codependent,Personality
cold,Personality
commited,Personality
communicator,Personality
compassionate,Personality
confident,Personality
conscientious,Personality
controlling,Personality
cool reserved,Personality
cooperative ,Personality
courageous,Personality
courteous,Personality
crazy,Personality
creative,Personality
critical,Personality
decisive ,Personality
dependable ,Personality
determined,Personality
diplomatic,Personality
discreet,Personality
dishonest,Personality
disobedient,Personality
distracted,Personality
divorced,Personality
domineering,Personality
dull,Personality
dynamic,Personality
easygoing,Personality
emotional,Personality
emotionally stable,Personality
energetic,Personality
enthusiastic,Personality
excessive ,Personality
expedient,Personality
expressive,Personality
extroverted ,Personality
fair-minded,Personality
faithful,Personality
fearless,Personality
flirtatious,Personality
foodie,Personality
frank,Personality
friendly,Personality
funny,Personality
generous,Personality
gentle,Personality
genuine ,Personality
godfearing,Personality
good,Personality
goodtempered,Personality
happy,Personality
hard boiled,Personality
hardworking,Personality
helpful,Personality
principled ,Personality
honest,Personality
humble,Personality
humble ,Personality
humorous,Personality
hypocritical,Personality
imaginative,Personality
impartial,Personality
impatient,Personality
impulsive,Personality
intellectual,Personality
intelligent,Personality
interesting ,Personality
introverted,Personality
jealous,Personality
kind,Personality
lazy,Personality
lazy ,Personality
lively,Personality
loner,Personality
loving,Personality
loving ,Personality
loyal,Personality
manipulative,Personality
married,Personality
mean,Personality
messy,Personality
modest,Personality
narcissistic,Personality
naughty,Personality
neat,Personality
needy,Personality
nervous,Personality
neurotic  ,Personality
nice,Personality
obedient,Personality
open minded,Personality
opinionated,Personality
optimistic,Personality
parent,Personality
partyanimal  ,Personality
passionate,Personality
passive,Personality
patient,Personality
patriot,Personality
persistent,Personality
pessimistic,Personality
placid,Personality
playful,Personality
lucky,Personality
polite,Personality
popular,Personality
prejudiced ,Personality
profound,Personality
proud,Personality
quiet,Personality
racist,Personality
rational,Personality
reactive ,Personality
reliable,Personality
reserved,Personality
respectful ,Personality
romantic,Personality
rude,Personality
scared,Personality
selfconfident,Personality
selfdisciplined,Personality
selfish,Personality
sensible,Personality
sensitive,Personality
serious,Personality
shallow ,Personality
shy,Personality
silly,Personality
sincere,Personality
smart,Personality
sociable,Personality
stingy,Personality
straightforward,Personality
stubborn,Personality
supportive,Personality
tactful,Personality
talkative ,Personality
thoughtful,Personality
tidy,Personality
timid,Personality
trivial,Personality
trustworthy,Personality
unfriendly,Personality
unpleasant,Personality
untidy,Personality
verbally clumsy,Personality
versatile,Personality
waffling,Personality
warmhearted,Personality
witty ,Personality
workaholic,Personality
worried,Personality
acting,Hobbies
aeromodeling,Hobbies
aikido,Hobbies
airbrushing,Hobbies
aircraft spotting,Hobbies
airsofting,Hobbies
amateur astronomy,Hobbies
amateur radio,Hobbies
aquarium,Hobbies
archery,Hobbies
arts,Hobbies
astrology,Hobbies
astronomy,Hobbies
attend a concert,Hobbies
attend a theatre show,Hobbies
backgammon,Hobbies
badminton,Hobbies
bagpipe,Hobbies
baking,Hobbies
ballet,Hobbies
ballroom,Hobbies
banjo,Hobbies
base jumping,Hobbies
baseball,Hobbies
basketball,Hobbies
baton twirling,Hobbies
beach,Hobbies
beachcombing,Hobbies
beadwork,Hobbies
beatboxing,Hobbies
becoming a child advocate,Hobbies
bell ringing,Hobbies
belly dancing,Hobbies
belly-dancing,Hobbies
bicycle polo,Hobbies
bicycling,Hobbies
biking,Hobbies
billiards,Hobbies
bird watching,Hobbies
birding,Hobbies
blacksmithing,Hobbies
blogging,Hobbies
bmx,Hobbies
boardgames,Hobbies
boating,Hobbies
body building,Hobbies
bonsai sculpture,Hobbies
bonsai tree,Hobbies
bookbinding,Hobbies
boomerangs,Hobbies
bowling,Hobbies
boxing,Hobbies
breakdancing,Hobbies
brewing beer,Hobbies
bridge building,Hobbies
bringing food to the disabled,Hobbies
building a house for habitat for humanity,Hobbies
building dollhouses,Hobbies
butterfly watching,Hobbies
button collecting,Hobbies
cake decorating,Hobbies
cake making ,Hobbies
decorating,Hobbies
calligraphy,Hobbies
camping,Hobbies
candle making,Hobbies
canoeing,Hobbies
car racing,Hobbies
card games,Hobbies
cartooning,Hobbies
casino gambling,Hobbies
cave diving,Hobbies
ceramics,Hobbies
chalk drawing,Hobbies
charity,Hobbies
checkers,Hobbies
cheerleading,Hobbies
chess,Hobbies
cigar smoking,Hobbies
clarinet,Hobbies
cloud watching,Hobbies
coin collecting,Hobbies
collecting,Hobbies
collecting stamps,Hobbies
collecting antiques,Hobbies
collecting artwork,Hobbies
collecting hats,Hobbies
collecting music albums,Hobbies
collecting rpm records,Hobbies
collecting sports cards,Hobbies
collecting swords,Hobbies
coloring,Hobbies
compose music,Hobbies
computer activities,Hobbies
conworlding,Hobbies
cooking,Hobbies
cosplay,Hobbies
crafts,Hobbies
create card pyramids,Hobbies
cricket,Hobbies
crochet,Hobbies
crocheting,Hobbies
cross-stitch,Hobbies
crossword puzzles,Hobbies
curling,Hobbies
dancing,Hobbies
darts,Hobbies
diecast collectibles,Hobbies
digital photography,Hobbies
dodgeball,Hobbies
dolls,Hobbies
dominoes,Hobbies
drawing,Hobbies
drums percussion,Hobbies
dumpster diving,Hobbies
eating out,Hobbies
educational courses,Hobbies
electronics,Hobbies
embroidery,Hobbies
entertaining,Hobbies
aerobics,Hobbies
weights,Hobbies
exercise ,Hobbies
explore a corn maze,Hobbies
falconry,Hobbies
fast cars,Hobbies
felting,Hobbies
fencing,Hobbies
fire poi,Hobbies
fishing,Hobbies
floorball,Hobbies
floral arrangements,Hobbies
flower arranging,Hobbies
flute,Hobbies
fly tying,Hobbies
football,Hobbies
four wheeling,Hobbies
freshwater aquariums,Hobbies
frisbee,Hobbies
frisbee golf,Hobbies
frolf,Hobbies
fruit picking ,Hobbies
games,Hobbies
garage saleing,Hobbies
gardening,Hobbies
genealogy,Hobbies
geocaching,Hobbies
ghost hunting,Hobbies
glass painting,Hobbies
glowsticking,Hobbies
gnoming,Hobbies
go kart racing,Hobbies
go see a movie,Hobbies
going to movies,Hobbies
golf,Hobbies
grip strength,Hobbies
guitar,Hobbies
gun collecting,Hobbies
gunsmithing,Hobbies
gymnastics,Hobbies
gyotaku,Hobbies
handball,Hobbies
handwriting analysis,Hobbies
hang gliding,Hobbies
harmonica,Hobbies
herping,Hobbies
hiking,Hobbies
hip hop,Hobbies
hockey,Hobbies
home brewing,Hobbies
home repair,Hobbies
home theater,Hobbies
horn,Hobbies
horse riding,Hobbies
horseback riding,Hobbies
hot air ballooning,Hobbies
hula hooping,Hobbies
hunting,Hobbies
iceskating,Hobbies
illusion,Hobbies
impersonations,Hobbies
internet,Hobbies
inventing,Hobbies
jazz,Hobbies
jenga,Hobbies
jet engines,Hobbies
jewellery making ,Hobbies
jewelry making,Hobbies
jigsaw puzzles,Hobbies
judo,Hobbies
juggling,Hobbies
jujitsu,Hobbies
jump roping,Hobbies
karate,Hobbies
kayaking,Hobbies
keep a journal,Hobbies
kick-boxing,Hobbies
kitchen chemistry,Hobbies
kite boarding,Hobbies
kite flying,Hobbies
kites,Hobbies
knitting,Hobbies
knotting,Hobbies
krav maga,Hobbies
lacrosse,Hobbies
lasers,Hobbies
latin dance,Hobbies
lawn darts,Hobbies
learn to meditate,Hobbies
learn to play poker,Hobbies
learning a foreign language,Hobbies
learning an instrument,Hobbies
learning to pilot a plane,Hobbies
leathercrafting,Hobbies
legos,Hobbies
letterboxing,Hobbies
listening to music,Hobbies
locksport,Hobbies
macrame,Hobbies
magic,Hobbies
making dream-catchers,Hobbies
making model cars,Hobbies
marksmanship,Hobbies
martial arts,Hobbies
matchstick modeling,Hobbies
meditation,Hobbies
metal detecting,Hobbies
microscopy,Hobbies
model railroading,Hobbies
model rockets,Hobbies
modeling ships,Hobbies
models,Hobbies
modern,Hobbies
motorcycles,Hobbies
mountain biking,Hobbies
mountain climbing,Hobbies
music,Hobbies
musical instruments,Hobbies
nail art,Hobbies
needlepoint,Hobbies
origami,Hobbies
owning an antique car,Hobbies
paintball,Hobbies
painting,Hobbies
painting ,Hobbies
papermache,Hobbies
papermaking,Hobbies
parachuting,Hobbies
paragliding or power paragliding,Hobbies
parkour,Hobbies
people watching,Hobbies
peruse a second-hand shop,Hobbies
pets,Hobbies
photography,Hobbies
piano,Hobbies
pilates,Hobbies
pinochle,Hobbies
pipe smoking,Hobbies
planking,Hobbies
playing music,Hobbies
playing team sports,Hobbies
pole dancing,Hobbies
burlesque,Hobbies
polo,Hobbies
pooktre,Hobbies
pottery,Hobbies
powerboking,Hobbies
protesting,Hobbies
puppet master,Hobbies
ventriloquist,Hobbies
puppetry,Hobbies
puzzle building,Hobbies
pyrotechnics,Hobbies
quilting,Hobbies
r/c boats,Hobbies
r/c cars,Hobbies
r/c helicopters,Hobbies
r/c planes,Hobbies
racing pigeons,Hobbies
rafting,Hobbies
railfans,Hobbies
rapping,Hobbies
raquetball,Hobbies
read,Hobbies
reading,Hobbies
reading to the elderly,Hobbies
relaxing,Hobbies
renaissance faire,Hobbies
renting movies,Hobbies
rescuing abused or abandoned animals,Hobbies
ringette,Hobbies
robotics,Hobbies
rock balancing,Hobbies
rock climbing,Hobbies
rock collecting,Hobbies
rockets,Hobbies
rocking aids babies,Hobbies
roleplaying,Hobbies
roller blading,Hobbies
rugby,Hobbies
running,Hobbies
saltwater aquariums,Hobbies
sand castles,Hobbies
sandcastle building,Hobbies
saxophone,Hobbies
scale model building,Hobbies
scrabble,Hobbies
scrapbooking,Hobbies
scrap-booking,Hobbies
scuba diving,Hobbies
sculpture clay,Hobbies
sculpture ice,Hobbies
sculpture soap,Hobbies
sculpture stone,Hobbies
self defense,Hobbies
sewing,Hobbies
shark fishing,Hobbies
shopping,Hobbies
singing,Hobbies
singing in choir,Hobbies
skateboarding,Hobbies
skating,Hobbies
skeet shooting,Hobbies
sketching,Hobbies
skiing,Hobbies
skipping rocks,Hobbies
sky diving,Hobbies
slack lining,Hobbies
sleeping,Hobbies
slingshots,Hobbies
slot car racing,Hobbies
snorkeling,Hobbies
snowboarding,Hobbies
soap making,Hobbies
soccer,Hobbies
socializing with friends/neighbors,Hobbies
spa night,Hobbies
rubix cube,Hobbies
speed cubing ,Hobbies
spelunkering,Hobbies
spend the day at the beach,Hobbies
spending time with family/kids,Hobbies
squash,Hobbies
stamp collecting,Hobbies
storm chasing,Hobbies
storytelling,Hobbies
string figures,Hobbies
sudoku,Hobbies
surf fishing,Hobbies
surfing,Hobbies
survival,Hobbies
swimming,Hobbies
swing,Hobbies
table tennis,Hobbies
tae kwon do,Hobbies
tai chi,Hobbies
tap,Hobbies
target shooting,Hobbies
tatting,Hobbies
taxidermy,Hobbies
tea tasting,Hobbies
tennis,Hobbies
tesla coils,Hobbies
tetris,Hobbies
textiles,Hobbies
texting,Hobbies
toll painting,Hobbies
tombstone rubbing,Hobbies
tool collecting,Hobbies
toy collecting,Hobbies
train collecting,Hobbies
train spotting,Hobbies
traveling,Hobbies
treasure hunting,Hobbies
trekkie,Hobbies
trip to an amusement park,Hobbies
trip to an art gallery,Hobbies
trip to the museum,Hobbies
trombone,Hobbies
trumpet,Hobbies
tutoring children,Hobbies
tv watching,Hobbies
ultimate frisbee,Hobbies
urban exploration,Hobbies
video games,Hobbies
violin,Hobbies
visit a zoo or animal shelter,Hobbies
volleyball,Hobbies
volunteer,Hobbies
walking,Hobbies
warhammer,Hobbies
watching sporting events,Hobbies
weather watcher,Hobbies
weaving ,Hobbies
basket weaving,Hobbies
weightlifting,Hobbies
windsurfing,Hobbies
wine making,Hobbies
wingsuit flying,Hobbies
woodcarving,Hobbies
woodworking,Hobbies
word searches,Hobbies
working in a food pantry,Hobbies
working on cars,Hobbies
world record breaking,Hobbies
wrestling,Hobbies
writing,Hobbies
writing poetry,Hobbies
writing prose,Hobbies
writing music,Hobbies
writing songs,Hobbies
yoga,Hobbies
yoyo,Hobbies
ziplining,Hobbies
zumba,Hobbies
Politics,Hobbies
Sports,Hobbies
atheist ,Religion
buddhist ,Religion
christian ,Religion
hindu,Religion
muslim ,Religion
jewish,Religion
modernist,Religion
monotheist ,Religion
pagan,Religion
church,Religion
allah,Religion
temple,Religion
polytheist ,Religion
catholic,Religion
islam,Religion
shinto,Religion
sikh,Religion
taoist,Religion
theist,Religion
Academic,Profession
Accountant,Profession
Accounting,Profession
Actuary,Profession
Advertising,Profession
Advocate,Profession
Aeronautical,Profession
Agricultural,Profession
humanitarian,Profession
Airline,Profession
Amenity,Profession
Analytical,Profession
Animator,Profession
Archaeologist,Profession
Architect,Profession
Architectural,Profession
Archivist,Profession
Aromatherapist,Profession
Artist,Profession
Auditor,Profession
Automotive,Profession
Barrister,Profession
Biomedical,Profession
Biotechnologist,Profession
Brand,Profession
Broadcasting,Profession
Building,Profession
surveyor,Profession
Business,Profession
Cameraman,Profession
Careers,Profession
Cartographer,Profession
Catering,Profession
Charity,Profession
Chemical,Profession
Childcare,Profession
nurse,Profession
Chiropractor,Profession
Civil,Profession
Clinical,Profession
Commercial,Profession
rural,Profession
Commissioning,Profession
Commodity,Profession
Community,Profession
Company,Profession
Computer,Profession
Conference,Profession
Consultant,Profession
Consumer,Profession
Corporate,Profession
Counsellor,Profession
Court,Profession
verbatim,Profession
Credit,Profession
Crystallographer,Profession
Curator,Profession
Customs,Profession
Cyber,Profession
Dance,Profession
Data,Profession
Database,Profession
finance,Profession
Dentist,Profession
Design,Profession
Dietitian,Profession
Diplomatic,Profession
general,Profession
Doctor,Profession
Dramatherapist,Profession
Economist,Profession
Editorial,Profession
Education,Profession
Electrical,Profession
Electronics,Profession
Employment,Profession
Energy,Profession
Engineering,Profession
Environmental,Profession
Ergonomist,Profession
Facilities,Profession
Field,Profession
Financial,Profession
Firefighter,Profession
Fisheries,Profession
Fitness,Profession
Food,Profession
Forensic,Profession
Geneticist,Profession
Geographical,Profession
Geomatics,Profession
Government,Profession
Graphic,Profession
Herbalist,Profession
Heritage,Profession
Horticulturalist,Profession
Hydrologist,Profession
Illustrator,Profession
Immigration,Profession
Immunologist,Profession
Industrial,Profession
product,Profession
Information,Profession
software,Profession
Insurance,Profession
Interpreter,Profession
Investment,Profession
Journalist,Profession
Laboratory,Profession
Landscape,Profession
Learning,Profession
Lecturer,Profession
Legal,Profession
Licensed,Profession
Local,Profession
Logistics,Profession
Distribution,Profession
Magazine,Profession
Management,Profession
Manufacturing,Profession
Marine,Profession
Market,Profession
Marketing,Profession
Mechanical,Profession
Media,Profession
Medical,Profession
Metallurgist,Profession
Meteorologist,Profession
Microbiologist,Profession
Midwife,Profession
Mining,Profession
Mobile,Profession
Multimedia,Profession
Musician,Profession
Nanoscientist,Profession
Nature,Profession
Naval,Profession
Network,Profession
Nutritional,Profession
Nutritionist,Profession
Occupational,Profession
Oceanographer,Profession
Office,Profession
Operational,Profession
Orthoptist,Profession
Outdoor,Profession
Packaging,Profession
Paramedic,Profession
Patent,Profession
Pension,Profession
Petroleum,Profession
Pharmacist,Profession
Pharmacologist,Profession
Pharmacovigilance,Profession
Photographer,Profession
Physiotherapist,Profession
Police,Profession
Political,Profession
Practice,Profession
Press,Profession
Programme,Profession
Project,Profession
Psychologist,Profession
Prosecutor,Profession
Psychotherapist,Profession
Quality,Profession
Recruitment,Profession
Regulatory,Profession
Research,Profession
Retail,Profession
Sales,Profession
Scene,Profession
Secretary,Profession
Seismic,Profession
Site,Profession
Social,Profession
Soil,Profession
Solicitor,Profession
Sportsman,Profession
athlete,Profession
Statistician,Profession
Stockbroker,Profession
Structural,Profession
Systems,Profession
Teacher,Profession
Technical,Profession
Television,Profession
Tourism,Profession
Tourist,Profession
Toxicologist,Profession
Trader,Profession
Training,Profession
Translator,Profession
Validation,Profession
Veterinary,Profession
Video,Profession
Volunteer,Profession
Warehouse,Profession
Web,Profession
Welfare,Profession
Writer,Profession
Student,Profession
university,Profession
college,Profession
school,Profession
politics,Profession
poet,Profession
director,Profession
author,Profession
astrologer,Profession
chairman,Profession
entrepreneur,Profession
singer,Profession
librarian,Profession
technician,Profession
account,Profession
copywriter,Profession
worker,Profession
engineer,Profession
manager,Profession
traffic,Profession
cabin,Profession
horticulturist,Profession
chemist,Profession
controller,Profession
crew,Profession
executive,Profession
planner,Profession
officer,Profession
clerk,Profession
scientist,Profession
presenter,Profession
analyst,Profession
operator,Profession
adviser,Profession
administrator,Profession
fundraiser,Profession
Service,Profession
biochemist,Profession
cytogeneticist,Profession
molecular,Profession
technologist,Profession
editor,Profession
broker,Profession
organiser,Profession
banker,Profession
treasurer,Profession
reporter,Profession
security,Profession
movement,Profession
visualisation,Profession
hygienist,Profession
practitioner,Profession
assistant,Profession
advice,Profession
conservation,Profession
geologist,Profession
agent,Profession
Commission,Profession
lawyer,Profession
designer,Profession
visitor,Profession
technology,Profession
trainers,Profession
underwriter,Profession
fundraiser,Profession
support,Profession
mentor,Profession
conveyancer,Profession
machine,Profession
toolmaker,Profession
specialist,Profession
buyer,Profession
physicist,Profession
representative,Profession
developer,Profession
programmer,Profession
specialists,Profession
therapist,Profession
researcher,Profession
attorney,Profession
examiner,Profession
scheme,Profession
breeder,Profession
editor,Profession
development,Profession
affairs,Profession
assurance,Profession
merchandiser,Profession
coach,Profession
inspector,Profession
automation,Profession
guide,Profession
film,Profession
game,Profession
producer,Profession
cinematographer,Profession
army,Profession
professional,Profession
experience,Profession
builder,Profession
neuroscientist,Profession
Chevron,Organization
Apple,Organization
AT&T,Organization
McKesson,Organization
Kroger,Organization
Citigroup,Organization
AmerisourceBergen,Organization
Boeing,Organization
Microsoft,Organization
Amazon.com,Organization
Target,Organization
WellPoint,Organization
MetLife,Organization
PepsiCo,Organization
Comcast,Organization
Google,Organization
ConocoPhillips,Organization
Caterpillar,Organization
Pfizer,Organization
DIRECTV,Organization
Sanmina,Organization
KeyCorp,Organization
Greif,Organization
IAC/InterActiveCorp,Organization
SpartanNash,Organization
Amerco,Organization
EnerSys,Organization
Alcoa,Organization
Inditex,Organization
Continental,Organization
Alibaba,Organization
Canon,Organization
Alphabet,Organization
EMC,Organization
Siemens,Organization
Sony,Organization
Amcor,Organization
Macy's,Organization
BASF,Organization
NestlÃ©,Organization
Carnival,Organization
Aon,Organization
ICBC,Organization
ExxonMobil,Organization
Schlumberger,Organization
Eaton,Organization
Travelers,Organization
McDonald's,Organization
Secom,Organization
Richemont,Organization
Deliveroo,Organization
Thermondo,Organization
Alainsa,Organization
iTravex,Organization
Carwow,Organization
Formycon,Organization
Smarkets,Organization
Germanimals,Organization
SendinBlue,Organization
HelloFresh,Organization
STRV,Organization
Bynder,Organization
Stratajet,Organization
AerFin,Organization
TransferWise,Organization
Actility,Organization
Benhauer,Organization
Shokes,Organization
Tooploox,Organization
Framery,Organization
Unidriver,Organization
Moonoff,Organization
Yieldlove*,Organization
everBe,Organization
Conserto*,Organization
GoCardless,Organization
Optal,Organization
DCMN,Organization
Catawiki,Organization
CodiLime,Organization
Smadex,Organization
Codewise,Organization
Eskimoz,Organization
SuperAwesome,Organization
GermanFLAVOURS,Organization
Kantox,Organization
allbranded,Organization
BMS2*,Organization
CliQÃ©o,Organization
Clearabee,Organization
Screwerk*,Organization
Soltec,Organization
Grabyo*,Organization
PROCERAM,Organization
Lapelle,Organization
Pickawood,Organization
Fourniresto.Com,Organization
Vizzuality,Organization
Localbitcoins*,Organization
Synaptikon,Organization
Rent2ndhometenerife,Organization
Scribbr,Organization
Lebepur,Organization
Cowana,Organization
Neuwagen24.de,Organization
Supercharge,Organization
Warmcook,Organization
Freepik,Organization
Storytel,Organization
LoveCrafts,Organization
MTRAX*,Organization
FraudBuster,Organization
Caffeina,Organization
Oregold,Organization
Kiece,Organization
Attrecto,Organization
Superprof,Organization
hajoona,Organization
Cesam,Organization
Lottoland*,Organization
Crosscall,Organization
FiloBlu,Organization
Autodoc,Organization
FioulReduc,Organization
Apotea,Organization
Pisamonas,Organization
Funiglobal,Organization
WBP,Organization
Fonix,Organization
BlÃ¡scar,Organization
Travellanda,Organization
Crestanevada,Organization
Eleanor,Organization
iZettle,Organization
Victor,Organization
Lotto24,Organization
SanaBio,Organization
Trencadis,Organization
Atlante,Organization
Ennismore,Organization
Appsvision,Organization
Cotramed*,Organization
M2energie,Organization
TekdÅm,Organization
Ludilabel,Organization
Davricourt,Organization
ShowTruckMarketing,Organization
Testbirds,Organization
Greendonkey,Organization
myElefant,Organization
ProfixSystemleasing,Organization
Aprotecnic,Organization
Alameda,Organization
Ozaroo,Organization
SFAM,Organization
Trustly,Organization
richtigstrom,Organization
Procemo,Organization
BookingBug,Organization
FBG,Organization
Acondistec,Organization
Xpose360,Organization
DoveConviene,Organization
BASELABS,Organization
Adyoulike,Organization
zadego,Organization
Reanova,Organization
Taksee,Organization
Incubethic,Organization
OptiFol,Organization
Deporvillage,Organization
Disko,Organization
Zopa,Organization
Wabel,Organization
Ecogreenenergy,Organization
89grad,Organization
Hexad,Organization
Rokla*,Organization
Enpire,Organization
JFR,Organization
Eurotone,Organization
Iprotect,Organization
Lovli,Organization
Comcertrans*,Organization
SupperFood,Organization
easysparen,Organization
Giglio.com,Organization
ThinClient24,Organization
Vizolution,Organization
Ebury,Organization
Digilinx,Organization
Matooma,Organization
TEAMWILLE,Organization
Instantor,Organization
Forsis,Organization
Memodo*,Organization
TouchNote,Organization
Smartadserver,Organization
Deinoa,Organization
Neomouv,Organization
Vitedelair,Organization
Emmetek*,Organization
COYO,Organization
Emmayli,Organization
eRowz,Organization
Boycor,Organization
Enloc,Organization
Intenta,Organization
Logisan,Organization
Metsys,Organization
Clabrun,Organization
Monterail,Organization
fleXstructures,Organization
Manifone,Organization
HISERT,Organization
Innovasoft,Organization
Inovefa,Organization
CharliDiscount.com,Organization
Sofidys,Organization
Tecnip*,Organization
Alternatyva,Organization
Dreischtrom,Organization
Buyingpeers,Organization
Mifarma,Organization
whatchado,Organization
Avocadostore,Organization
Ratesetter,Organization
Lithoz,Organization
Balyo,Organization
L'Exception,Organization
Dag1,Organization
Bygglet,Organization
Paymentsense,Organization
12Build,Organization
Logisseo,Organization
Tokiota,Organization
MetalVenice,Organization
Theodo,Organization
Bannerflow,Organization
gastronovi,Organization
Kasadenn,Organization
Techpump,Organization
Winergia,Organization
ApisSys,Organization
Netguru,Organization
Amiltone,Organization
Devisubox,Organization
Weezevent,Organization
RENEWA,Organization
10Clouds,Organization
Ulabox,Organization
Tremend,Organization
Nanobit,Organization
SociaNOVA,Organization
Voxpro**,Organization
Finepower,Organization
Satenco,Organization
Techbau,Organization
Bodeboca,Organization
Trippus,Organization
FashCom,Organization
IBOTECH,Organization
batterium,Organization
Inrete,Organization
Bibars,Organization
Selectra,Organization
Arkphire,Organization
Geniem,Organization
Tecodata,Organization
Emedec,Organization
Javista,Organization
Synesthesia,Organization
Blinklearning,Organization
EgeSun,Organization
Ampacimon,Organization
Spotify,Organization
MentorMaterassi,Organization
HUMANAS,Organization
Kerlink,Organization
Featurespace,Organization
Kesmer,Organization
Sipwise,Organization
Gigas,Organization
Energineo,Organization
LEOshoes,Organization
Uptoo,Organization
AdhexPharma,Organization
S.I.T.I.M.,Organization
Oxeltis,Organization
laNatur,Organization
Biogroupe,Organization
Adservio,Organization
AXSOL,Organization
M2.,Organization
VisiConsult,Organization
Nexteria,Organization
PicturePeople,Organization
labo.art,Organization
Componosollertia,Organization
alphanet,Organization
CO.NET,Organization
Considerati,Organization
AlphaSights,Organization
Rcube,Organization
Redegal,Organization
CARMAO,Organization
MEC2,Organization
GOGY,Organization
ARSATEC,Organization
BERICON,Organization
Argentus,Organization
Spideo,Organization
NewVoiceMedia,Organization
shopware,Organization
TeamTO,Organization
Vulog,Organization
Calconut,Organization
KALPA,Organization
belmoto,Organization
MAK*,Organization
Clinipartners,Organization
Xucker,Organization
Mavera,Organization
Pariani,Organization
Hrpepper,Organization
LetoMotel,Organization
BeGear,Organization
Welljob,Organization
PrivateFly,Organization
Ecometrica,Organization
EnVersum,Organization
RAWOPLAST,Organization
Spektrix,Organization
7Layers,Organization
Bluecube,Organization
SAPELEC,Organization
E2Evolution,Organization
KOLGA,Organization
Hidramar,Organization
Italfrom,Organization
Qualitance,Organization
Alpenschloessl,Organization
Housesimple,Organization
Panenka,Organization
BaseTIS,Organization
SaleCycle,Organization
inventiva,Organization
Gepp's,Organization
Techteam,Organization
Endosmart,Organization
Medilog,Organization
ÃlamoConsulting,Organization
BOLDInt,Organization
Generalmarine,Organization
eXXpozed,Organization
CouteauxduChef.com,Organization
FMad,Organization
Adhunter,Organization
Eliraweb,Organization
ETS,Organization
concentrade,Organization
Rebional,Organization
Alterfood,Organization
JDX,Organization
Petitdidierprioux,Organization
Flexmind,Organization
Sylvide,Organization
Turbodynamics,Organization
Insitumed,Organization
Arkgrove,Organization
Between,Organization
Urquiola,Organization
Enegan,Organization
Medspa,Organization
alpitronic,Organization
Lafourmi,Organization
Kinougarde,Organization
MMN,Organization
BiologoN,Organization
Pitchup.com,Organization
ICONT,Organization
Primo,Organization
MedComplet,Organization
Ãœrbag,Organization
DoveVivo,Organization
Gomintec,Organization
Moyseafood,Organization
Moravia,Organization
acmeo,Organization
Consultake,Organization
CVBF,Organization
TETRO,Organization
Buratti,Organization
Arcure,Organization
CONTENTSERV,Organization
Extendam,Organization
Wallix,Organization
Atollspeed,Organization
Massarius,Organization
Superior,Organization
Exceltic,Organization
Cirruseo,Organization
Sixsentix,Organization
Nectere,Organization
SteinmÃ¼ller,Organization
PacWan,Organization
Nettowelt,Organization
Marcel&fils,Organization
DCforData,Organization
WITO,Organization
gevekom,Organization
E+Service+Check,Organization
Privis,Organization
DTS,Organization
energysolutions24,Organization
Amido,Organization
APRIL,Organization
PHMG,Organization
Quanteam,Organization
Prianto,Organization
Bnova,Organization
Consense,Organization
Finlibera,Organization
PROFINO,Organization
IXDS,Organization
Benjamins,Organization
Fiagon,Organization
EcoGam,Organization
SeboTherm,Organization
SBPprocess,Organization
Imprendiroma,Organization
BHT,Organization
Aldovea,Organization
Occarent,Organization
Casta,Organization
JeChange,Organization
Fleetpool,Organization
SecurSAT,Organization
Efficio,Organization
Ding,Organization
Eurofirms,Organization
Meilleurtaux,Organization
Endava,Organization
Reticulae,Organization
Domainex,Organization
Compuwave,Organization
MEBAG,Organization
KRUSTO,Organization
TEMP.Service,Organization
VICRIS,Organization
Bioburger,Organization
PetroChina,Organization
Allianz,Organization
Walmart,Organization
Total,Organization
Sinopec,Organization
Daimler,Organization
BP,Organization
Softbank,Organization
Gazprom,Organization
Sberbank,Organization
Nestle,Organization
Intel,Organization
Novartis,Organization
Prudential,Organization
IBM,Organization
Rosneft,Organization
Enel,Organization
Facebook,Organization
Equinor,Organization
Eni,Organization
LukOil,Organization
Bayer,Organization
AIRBUS,Organization
Unilever,Organization
ANZ,Organization
Oracle,Organization
Mitsubishi,Organization
EDF,Organization
Sanofi,Organization
DowDuPont,Organization
TelefÃ³nica,Organization
Anthem,Organization
Chubb,Organization
Vale,Organization
Renault,Organization
AbbVie,Organization
KDDI,Organization
Iberdrola,Organization
Hitachi,Organization
ArcelorMittal,Organization
Medtronic,Organization
FedEx,Organization
VINCI,Organization
CNOOC,Organization
UBS,Organization
Visa,Organization
Aetna,Organization
Aviva,Organization
Enbridge,Organization
Exelon,Organization
ENGIE,Organization
SAP,Organization
Mitsui,Organization
Manulife,Organization
Allstate,Organization
BlackRock,Organization
Orange,Organization
Aflac,Organization
Broadcom,Organization
Itochu,Organization
Lowe's,Organization
AstraZeneca,Organization
3M,Organization
Amgen,Organization
Cigna,Organization
Denso,Organization
GlaxoSmithKline,Organization
Posco,Organization
E.ON,Organization
Panasonic,Organization
Fresenius,Organization
Repsol,Organization
Danone,Organization
Petrobras,Organization
Shire,Organization
HP,Organization
EXOR,Organization
Sumitomo,Organization
Orix,Organization
BB&T,Organization
Peugeot,Organization
ABB,Organization
Danaher,Organization
Diageo,Organization
Tesco,Organization
Aegon,Organization
CRRC,Organization
Safran,Organization
Accenture,Organization
Henkel,Organization
CaixaBank,Organization
Baidu,Organization
Ecopetrol,Organization
Humana,Organization
Nomura,Organization
Merck,Organization
Bridgestone,Organization
Raytheon,Organization
Progressive,Organization
HDFC,Organization
CRH,Organization
Sompo,Organization
DNB,Organization
BCE,Organization
Surgutneftegas,Organization
PayPal,Organization
CSX,Organization
Nike,Organization
Natixis,Organization
Marubeni,Organization
Kering,Organization
Celgene,Organization
Linde,Organization
SingTel,Organization
TransCanada,Organization
Telstra,Organization
Wesfarmers,Organization
Mastercard,Organization
WPP,Organization
Starbucks,Organization
Femsa,Organization
Philips,Organization
CenturyLink,Organization
PG&E,Organization
Heineken,Organization
Etisalat,Organization
Komatsu,Organization
Maybank,Organization
Subaru,Organization
Bouygues,Organization
Biogen,Organization
SSE,Organization
Monsanto,Organization
Andeavor,Organization
Vivendi,Organization
Swedbank,Organization
Vodafone,Organization
Adidas,Organization
Sampo,Organization
Sysco,Organization
FirstRand,Organization
IntercontinentalExchange,Organization
Centene,Organization
Barclays,Organization
Paccar,Organization
Woolworths,Organization
Loews,Organization
Telenor,Organization
HeidelbergCement,Organization
Wheelock,Organization
Talanx,Organization
Sasol,Organization
NTPC,Organization
Fujitsu,Organization
Ecolab,Organization
Williams,Organization
Naspers,Organization
Thales,Organization
Orsted,Organization
Stryker,Organization
MTR,Organization
Kubota,Organization
GFNorte,Organization
Novatek,Organization
WestRock,Organization
Praxair,Organization
Qualcomm,Organization
Swisscom,Organization
Mapfre,Organization
NVIDIA,Organization
Cognizant,Organization
Tatneft,Organization
Allergan,Organization
H&M,Organization
Nidec,Organization
PPG,Organization
Netflix,Organization
Cummins,Organization
LafargeHolcim,Organization
Atlantia,Organization
Evonik,Organization
Kyocera,Organization
Aeon,Organization
Nucor,Organization
Covestro,Organization
CBS,Organization
Nokia,Organization
Valeo,Organization
PPL,Organization
Vonovia,Organization
Falabella,Organization
JD.com,Organization
Mylan,Organization
Infosys,Organization
Lennar,Organization
Ageas,Organization
Nintendo,Organization
Viacom,Organization
Capgemini,Organization
Transneft,Organization
Kellogg,Organization
Isbank,Organization
TELUS,Organization
ZTE,Organization
Carrefour,Organization
Commerzbank,Organization
BYD,Organization
Sodexo,Organization
Aptiv,Organization
Sanlam,Organization
DSM,Organization
Altice,Organization
Solvay,Organization
Kasikornbank,Organization
Credicorp,Organization
Teliasonera,Organization
Sandvik,Organization
Ferguson,Organization
Eiffage,Organization
Unum,Organization
Fanuc,Organization
ROSSETI,Organization
Halliburton,Organization
Prologis,Organization
Toshiba,Organization
Akbank,Organization
Uniper,Organization
Ericsson,Organization
LabCorp,Organization
Bancolombia,Organization
AMP,Organization
Abertis,Organization
Taisei,Organization
ITC,Organization
Hilton,Organization
Rakuten,Organization
Lear,Organization
VMware,Organization
Sharp,Organization
Dentsu,Organization
TUI,Organization
YPF,Organization
Entergy,Organization
Ferrovial,Organization
CSL,Organization
Bankia,Organization
Tesla,Organization
Fortum,Organization
Oneok,Organization
ItaÃºsa,Organization
Kajima,Organization
Centrica,Organization
NetEase,Organization
Keyence,Organization
Braskem,Organization
Hikvision,Organization
Comerica,Organization
Kone,Organization
Aena,Organization
Schaeffler,Organization
Hanwha,Organization
Weyerhaeuser,Organization
Salesforce.com,Organization
Apache,Organization
ATOS,Organization
AutoZone,Organization
CarMax,Organization
Adecco,Organization
VF,Organization
Halkbank,Organization
FirstEnergy,Organization
Nutrien,Organization
Obayashi,Organization
Voestalpine,Organization
eBay,Organization
Invesco,Organization
Wipro,Organization
Inpex,Organization
HollyFrontier,Organization
Kohl's,Organization
South32,Organization
CapitaLand,Organization
Gecina,Organization
Mediobanca,Organization
VakifBank,Organization
Technipfmc,Organization
Corning,Organization
Klepierre,Organization
Fortive,Organization
STMicroelectronics,Organization
Fiserv,Organization
Cemex,Organization
Towngas,Organization
TDK,Organization
Snam,Organization
Bunge,Organization
Cielo,Organization
Tokyu,Organization
Westfield,Organization
Gap,Organization
Beiersdorf,Organization
Intuit,Organization
Ceconomy,Organization
Severstal,Organization
Ameren,Organization
SMC,Organization
Zoetis,Organization
Cencosud,Organization
Finatis,Organization
Hershey,Organization
Textron,Organization
MediaTek,Organization
Ball,Organization
Onex,Organization
Shimizu,Organization
NEC,Organization
Gemdale,Organization
Amphenol,Organization
AntarChile,Organization
Schroders,Organization
Bankinter,Organization
Scor,Organization
JBS,Organization
Whirlpool,Organization
Kingfisher,Organization
DaVita,Organization
CDW,Organization
Tenaris,Organization
Dexia,Organization
Legrand,Organization
GKN,Organization
Investec,Organization
Torchmark,Organization
Ventas,Organization
Sojitz,Organization
Pegatron,Organization
Moody's,Organization
Celanese,Organization
Carlsberg,Organization
Markel,Organization
Symantec,Organization
KPN,Organization
Aramark,Organization
DSV,Organization
EletrobrÃ¡s,Organization
Grifols,Organization
Saputo,Organization
Sika,Organization
Mondi,Organization
Bombardier,Organization
AES,Organization
Cintas,Organization
Ajinomoto,Organization
Terumo,Organization
Magnit,Organization
Cerner,Organization
SGS,Organization
Dover,Organization
Hoya,Organization
Metro,Organization
Clorox,Organization
Flex,Organization
Ternium,Organization
Terna,Organization
Harris,Organization
FamilyMart,Organization
Coty,Organization
Arkema,Organization
Givaudan,Organization
Paychex,Organization
Innolux,Organization
NASDAQ,Organization
Ricoh,Organization
PVH,Organization
Hesteel,Organization
Ayala,Organization
Worldpay,Organization
UCB,Organization
Shiseido,Organization
Antofagasta,Organization
Hess,Organization
Experian,Organization
Illumina,Organization
Hexagon,Organization
Aroundtown,Organization
Doosan,Organization
Equinix,Organization
Goldcorp,Organization
Welltower,Organization
Alstom,Organization
Shionogi,Organization
Ferrari,Organization
Kinnevik,Organization
Arconic,Organization
Leonardo,Organization
OMRON,Organization
ManpowerGroup,Organization
McCormick,Organization
Umicore,Organization
Masco,Organization
Naver,Organization
Autoliv,Organization
Huntsman,Organization
LKQ,Organization
Nielsen,Organization
BorgWarner,Organization
Unicharm,Organization
Assurant,Organization
Quinenco,Organization
Boliden,Organization
Skanska,Organization
Olympus,Organization
Ametek,Organization
BBMG,Organization
Chemours,Organization
Alrosa,Organization
Nordstrom,Organization
Mosaic,Organization
ALFA,Organization
UGI,Organization
Coloplast,Organization
NVR,Organization
Storebrand,Organization
Brenntag,Organization
KT&G,Organization
Encana,Organization
Navient,Organization
Persimmon,Organization
Bunzl,Organization
FMC,Organization
PulteGroup,Organization
EQT,Organization
Mallinckrodt,Organization
Accor,Organization
Goodyear,Organization
Next,Organization
Erdemir,Organization
Alleghany,Organization
AutoNation,Organization
Pandora,Organization
Industrivarden,Organization
Lundbergs,Organization
Proximus,Organization
Fastenal,Organization
Bankunited,Organization
Kintetsu,Organization
Abengoa,Organization
Sistema,Organization
NSK,Organization
DCC,Organization
Minebea,Organization
NEXON,Organization
Leidos,Organization
Segro,Organization
CA,Organization
Xilinx,Organization
Geberit,Organization
JTEKT,Organization
WÃ¤rtsilÃ¤,Organization
Xerox,Organization
IHI,Organization
Tosoh,Organization
Celltrion,Organization
Polyus,Organization
Aurubis,Organization
Wistron,Organization
Colruyt,Organization
Adient,Organization
DSME,Organization
VEON,Organization
NetApp,Organization
STRABAG,Organization
Fresnillo,Organization
Equifax,Organization
Wendel,Organization
Iliad,Organization
Pearson,Organization
VeriSign,Organization
Novozymes,Organization
Lanxess,Organization
Uniqa,Organization
Keppel,Organization
ServiceNow,Organization
Acciona,Organization
Brambles,Organization
Haseko,Organization
Suzuken,Organization
Autodesk,Organization
Workday,Organization
Dexus,Organization
Garmin,Organization
Rexel,Organization
Fluor,Organization
Eisai,Organization
Cybg,Organization
Empire,Organization
Avnet,Organization
Makita,Organization
BayWa,Organization
SYNNEX,Organization
SQM,Organization
Oi,Organization
Twitter,Organization
Saipem,Organization
Whitbread,Organization
Hyosung,Organization
Orient,Organization
Ingredion,Organization
Hanwa,Organization
BRF,Organization
Liberbank,Organization
B3,Organization
RusHydro,Organization
TransUnion,Organization
Maxis,Organization
Square,Organization
Inventec,Organization
Supervalu,Organization
Popular,Organization
Sysmex,Organization
Remgro,Organization
Genting,Organization
Tapestry,Organization
Safaricom,Organization
NiSource,Organization
Unisplendour,Organization
Amorepacific,Organization
Zalando,Organization
EasyJet,Organization
Orkla,Organization
NKT,Organization
Olin,Organization
Jaccs,Organization
Wirecard,Organization
SES,Organization
Sabesp,Organization
Inchcape,Organization
Xylem,Organization
Dollarama,Organization
Kesko,Organization
Dufry,Organization
ITV,Organization
ISS,Organization
Splunk,Organization
Abiomed,Organization
F.N.B.,Organization
Yamaha,Organization
FinecoBank,Organization
HCP,Organization
Securitas,Organization
Vingroup,Organization
MSCI,Organization
Uralkali,Organization
